dteday,season,yr,mnth,weekday,workingday,weathersit,casual,registered,cnt,klaster
2011-01-01,1,2011,1,6,0,2,331,654,985,1
2011-01-02,1,2011,1,0,0,2,131,670,801,1
2011-01-03,1,2011,1,1,1,1,120,1229,1349,1
2011-01-04,1,2011,1,2,1,1,108,1454,1562,1
2011-01-05,1,2011,1,3,1,1,82,1518,1600,1
2011-01-06,1,2011,1,4,1,1,88,1518,1606,1
2011-01-07,1,2011,1,5,1,2,148,1362,1510,1
2011-01-08,1,2011,1,6,0,2,68,891,959,1
2011-01-09,1,2011,1,0,0,1,54,768,822,1
2011-01-10,1,2011,1,1,1,1,41,1280,1321,1
2011-01-11,1,2011,1,2,1,2,43,1220,1263,1
2011-01-12,1,2011,1,3,1,1,25,1137,1162,1
2011-01-13,1,2011,1,4,1,1,38,1368,1406,1
2011-01-14,1,2011,1,5,1,1,54,1367,1421,1
2011-01-15,1,2011,1,6,0,2,222,1026,1248,1
2011-01-16,1,2011,1,0,0,1,251,953,1204,1
2011-01-17,1,2011,1,1,0,2,117,883,1000,1
2011-01-18,1,2011,1,2,1,2,9,674,683,1
2011-01-19,1,2011,1,3,1,2,78,1572,1650,1
2011-01-20,1,2011,1,4,1,2,83,1844,1927,1
2011-01-21,1,2011,1,5,1,1,75,1468,1543,1
2011-01-22,1,2011,1,6,0,1,93,888,981,1
2011-01-23,1,2011,1,0,0,1,150,836,986,1
2011-01-24,1,2011,1,1,1,1,86,1330,1416,1
2011-01-25,1,2011,1,2,1,2,186,1799,1985,1
2011-01-26,1,2011,1,3,1,3,34,472,506,3
2011-01-27,1,2011,1,4,1,1,15,416,431,1
2011-01-28,1,2011,1,5,1,2,38,1129,1167,1
2011-01-29,1,2011,1,6,0,1,123,975,1098,1
2011-01-30,1,2011,1,0,0,1,140,956,1096,1
2011-01-31,1,2011,1,1,1,2,42,1459,1501,1
2011-02-01,1,2011,2,2,1,2,47,1313,1360,1
2011-02-02,1,2011,2,3,1,2,72,1454,1526,1
2011-02-03,1,2011,2,4,1,1,61,1489,1550,1
2011-02-04,1,2011,2,5,1,2,88,1620,1708,1
2011-02-05,1,2011,2,6,0,2,100,905,1005,1
2011-02-06,1,2011,2,0,0,1,354,1269,1623,1
2011-02-07,1,2011,2,1,1,1,120,1592,1712,1
2011-02-08,1,2011,2,2,1,1,64,1466,1530,1
2011-02-09,1,2011,2,3,1,2,53,1552,1605,1
2011-02-10,1,2011,2,4,1,1,47,1491,1538,1
2011-02-11,1,2011,2,5,1,1,149,1597,1746,1
2011-02-12,1,2011,2,6,0,1,288,1184,1472,1
2011-02-13,1,2011,2,0,0,1,397,1192,1589,1
2011-02-14,1,2011,2,1,1,1,208,1705,1913,1
2011-02-15,1,2011,2,2,1,1,140,1675,1815,1
2011-02-16,1,2011,2,3,1,1,218,1897,2115,1
2011-02-17,1,2011,2,4,1,1,259,2216,2475,1
2011-02-18,1,2011,2,5,1,1,579,2348,2927,1
2011-02-19,1,2011,2,6,0,1,532,1103,1635,1
2011-02-20,1,2011,2,0,0,1,639,1173,1812,1
2011-02-21,1,2011,2,1,0,2,195,912,1107,1
2011-02-22,1,2011,2,2,1,1,74,1376,1450,1
2011-02-23,1,2011,2,3,1,1,139,1778,1917,1
2011-02-24,1,2011,2,4,1,2,100,1707,1807,1
2011-02-25,1,2011,2,5,1,2,120,1341,1461,1
2011-02-26,1,2011,2,6,0,1,424,1545,1969,1
2011-02-27,1,2011,2,0,0,1,694,1708,2402,1
2011-02-28,1,2011,2,1,1,2,81,1365,1446,1
2011-03-01,1,2011,3,2,1,1,137,1714,1851,1
2011-03-02,1,2011,3,3,1,1,231,1903,2134,1
2011-03-03,1,2011,3,4,1,1,123,1562,1685,1
2011-03-04,1,2011,3,5,1,2,214,1730,1944,1
2011-03-05,1,2011,3,6,0,2,640,1437,2077,1
2011-03-06,1,2011,3,0,0,2,114,491,605,1
2011-03-07,1,2011,3,1,1,1,244,1628,1872,1
2011-03-08,1,2011,3,2,1,1,316,1817,2133,1
2011-03-09,1,2011,3,3,1,2,191,1700,1891,1
2011-03-10,1,2011,3,4,1,3,46,577,623,3
2011-03-11,1,2011,3,5,1,2,247,1730,1977,1
2011-03-12,1,2011,3,6,0,1,724,1408,2132,1
2011-03-13,1,2011,3,0,0,1,982,1435,2417,1
2011-03-14,1,2011,3,1,1,1,359,1687,2046,1
2011-03-15,1,2011,3,2,1,2,289,1767,2056,1
2011-03-16,1,2011,3,3,1,2,321,1871,2192,1
2011-03-17,1,2011,3,4,1,1,424,2320,2744,1
2011-03-18,1,2011,3,5,1,1,884,2355,3239,1
2011-03-19,1,2011,3,6,0,1,1424,1693,3117,1
2011-03-20,1,2011,3,0,0,1,1047,1424,2471,1
2011-03-21,2,2011,3,1,1,2,401,1676,2077,0
2011-03-22,2,2011,3,2,1,1,460,2243,2703,0
2011-03-23,2,2011,3,3,1,2,203,1918,2121,0
2011-03-24,2,2011,3,4,1,2,166,1699,1865,0
2011-03-25,2,2011,3,5,1,1,300,1910,2210,0
2011-03-26,2,2011,3,6,0,1,981,1515,2496,0
2011-03-27,2,2011,3,0,0,2,472,1221,1693,0
2011-03-28,2,2011,3,1,1,1,222,1806,2028,0
2011-03-29,2,2011,3,2,1,1,317,2108,2425,0
2011-03-30,2,2011,3,3,1,2,168,1368,1536,0
2011-03-31,2,2011,3,4,1,3,179,1506,1685,2
2011-04-01,2,2011,4,5,1,2,307,1920,2227,0
2011-04-02,2,2011,4,6,0,2,898,1354,2252,0
2011-04-03,2,2011,4,0,0,1,1651,1598,3249,0
2011-04-04,2,2011,4,1,1,1,734,2381,3115,0
2011-04-05,2,2011,4,2,1,2,167,1628,1795,0
2011-04-06,2,2011,4,3,1,1,413,2395,2808,0
2011-04-07,2,2011,4,4,1,1,571,2570,3141,0
2011-04-08,2,2011,4,5,1,2,172,1299,1471,0
2011-04-09,2,2011,4,6,0,2,879,1576,2455,0
2011-04-10,2,2011,4,0,0,2,1188,1707,2895,0
2011-04-11,2,2011,4,1,1,2,855,2493,3348,0
2011-04-12,2,2011,4,2,1,2,257,1777,2034,0
2011-04-13,2,2011,4,3,1,2,209,1953,2162,0
2011-04-14,2,2011,4,4,1,1,529,2738,3267,0
2011-04-15,2,2011,4,5,0,1,642,2484,3126,0
2011-04-16,2,2011,4,6,0,3,121,674,795,2
2011-04-17,2,2011,4,0,0,1,1558,2186,3744,0
2011-04-18,2,2011,4,1,1,1,669,2760,3429,0
2011-04-19,2,2011,4,2,1,2,409,2795,3204,0
2011-04-20,2,2011,4,3,1,1,613,3331,3944,0
2011-04-21,2,2011,4,4,1,1,745,3444,4189,0
2011-04-22,2,2011,4,5,1,2,177,1506,1683,0
2011-04-23,2,2011,4,6,0,2,1462,2574,4036,0
2011-04-24,2,2011,4,0,0,2,1710,2481,4191,0
2011-04-25,2,2011,4,1,1,1,773,3300,4073,0
2011-04-26,2,2011,4,2,1,1,678,3722,4400,0
2011-04-27,2,2011,4,3,1,2,547,3325,3872,0
2011-04-28,2,2011,4,4,1,2,569,3489,4058,0
2011-04-29,2,2011,4,5,1,1,878,3717,4595,0
2011-04-30,2,2011,4,6,0,1,1965,3347,5312,0
2011-05-01,2,2011,5,0,0,2,1138,2213,3351,0
2011-05-02,2,2011,5,1,1,2,847,3554,4401,0
2011-05-03,2,2011,5,2,1,2,603,3848,4451,0
2011-05-04,2,2011,5,3,1,2,255,2378,2633,0
2011-05-05,2,2011,5,4,1,1,614,3819,4433,0
2011-05-06,2,2011,5,5,1,1,894,3714,4608,0
2011-05-07,2,2011,5,6,0,1,1612,3102,4714,0
2011-05-08,2,2011,5,0,0,1,1401,2932,4333,0
2011-05-09,2,2011,5,1,1,1,664,3698,4362,0
2011-05-10,2,2011,5,2,1,1,694,4109,4803,0
2011-05-11,2,2011,5,3,1,1,550,3632,4182,0
2011-05-12,2,2011,5,4,1,1,695,4169,4864,0
2011-05-13,2,2011,5,5,1,2,692,3413,4105,0
2011-05-14,2,2011,5,6,0,2,902,2507,3409,0
2011-05-15,2,2011,5,0,0,2,1582,2971,4553,0
2011-05-16,2,2011,5,1,1,1,773,3185,3958,0
2011-05-17,2,2011,5,2,1,2,678,3445,4123,0
2011-05-18,2,2011,5,3,1,2,536,3319,3855,0
2011-05-19,2,2011,5,4,1,2,735,3840,4575,0
2011-05-20,2,2011,5,5,1,1,909,4008,4917,0
2011-05-21,2,2011,5,6,0,1,2258,3547,5805,0
2011-05-22,2,2011,5,0,0,1,1576,3084,4660,0
2011-05-23,2,2011,5,1,1,2,836,3438,4274,0
2011-05-24,2,2011,5,2,1,2,659,3833,4492,0
2011-05-25,2,2011,5,3,1,1,740,4238,4978,0
2011-05-26,2,2011,5,4,1,1,758,3919,4677,0
2011-05-27,2,2011,5,5,1,1,871,3808,4679,0
2011-05-28,2,2011,5,6,0,1,2001,2757,4758,0
2011-05-29,2,2011,5,0,0,1,2355,2433,4788,0
2011-05-30,2,2011,5,1,0,1,1549,2549,4098,0
2011-05-31,2,2011,5,2,1,1,673,3309,3982,0
2011-06-01,2,2011,6,3,1,2,513,3461,3974,0
2011-06-02,2,2011,6,4,1,1,736,4232,4968,0
2011-06-03,2,2011,6,5,1,1,898,4414,5312,0
2011-06-04,2,2011,6,6,0,1,1869,3473,5342,0
2011-06-05,2,2011,6,0,0,2,1685,3221,4906,0
2011-06-06,2,2011,6,1,1,1,673,3875,4548,0
2011-06-07,2,2011,6,2,1,1,763,4070,4833,0
2011-06-08,2,2011,6,3,1,1,676,3725,4401,0
2011-06-09,2,2011,6,4,1,2,563,3352,3915,0
2011-06-10,2,2011,6,5,1,1,815,3771,4586,0
2011-06-11,2,2011,6,6,0,1,1729,3237,4966,0
2011-06-12,2,2011,6,0,0,1,1467,2993,4460,0
2011-06-13,2,2011,6,1,1,1,863,4157,5020,0
2011-06-14,2,2011,6,2,1,1,727,4164,4891,0
2011-06-15,2,2011,6,3,1,1,769,4411,5180,0
2011-06-16,2,2011,6,4,1,2,545,3222,3767,0
2011-06-17,2,2011,6,5,1,1,863,3981,4844,0
2011-06-18,2,2011,6,6,0,1,1807,3312,5119,0
2011-06-19,2,2011,6,0,0,2,1639,3105,4744,0
2011-06-20,2,2011,6,1,1,2,699,3311,4010,0
2011-06-21,3,2011,6,2,1,2,774,4061,4835,0
2011-06-22,3,2011,6,3,1,1,661,3846,4507,0
2011-06-23,3,2011,6,4,1,2,746,4044,4790,0
2011-06-24,3,2011,6,5,1,1,969,4022,4991,0
2011-06-25,3,2011,6,6,0,1,1782,3420,5202,0
2011-06-26,3,2011,6,0,0,1,1920,3385,5305,0
2011-06-27,3,2011,6,1,1,2,854,3854,4708,0
2011-06-28,3,2011,6,2,1,1,732,3916,4648,0
2011-06-29,3,2011,6,3,1,1,848,4377,5225,0
2011-06-30,3,2011,6,4,1,1,1027,4488,5515,0
2011-07-01,3,2011,7,5,1,1,1246,4116,5362,0
2011-07-02,3,2011,7,6,0,1,2204,2915,5119,0
2011-07-03,3,2011,7,0,0,2,2282,2367,4649,0
2011-07-04,3,2011,7,1,0,2,3065,2978,6043,0
2011-07-05,3,2011,7,2,1,1,1031,3634,4665,0
2011-07-06,3,2011,7,3,1,1,784,3845,4629,0
2011-07-07,3,2011,7,4,1,1,754,3838,4592,0
2011-07-08,3,2011,7,5,1,2,692,3348,4040,0
2011-07-09,3,2011,7,6,0,1,1988,3348,5336,0
2011-07-10,3,2011,7,0,0,1,1743,3138,4881,0
2011-07-11,3,2011,7,1,1,1,723,3363,4086,0
2011-07-12,3,2011,7,2,1,1,662,3596,4258,0
2011-07-13,3,2011,7,3,1,1,748,3594,4342,0
2011-07-14,3,2011,7,4,1,1,888,4196,5084,0
2011-07-15,3,2011,7,5,1,1,1318,4220,5538,0
2011-07-16,3,2011,7,6,0,1,2418,3505,5923,0
2011-07-17,3,2011,7,0,0,1,2006,3296,5302,0
2011-07-18,3,2011,7,1,1,1,841,3617,4458,0
2011-07-19,3,2011,7,2,1,1,752,3789,4541,0
2011-07-20,3,2011,7,3,1,1,644,3688,4332,0
2011-07-21,3,2011,7,4,1,2,632,3152,3784,0
2011-07-22,3,2011,7,5,1,1,562,2825,3387,0
2011-07-23,3,2011,7,6,0,1,987,2298,3285,0
2011-07-24,3,2011,7,0,0,1,1050,2556,3606,0
2011-07-25,3,2011,7,1,1,1,568,3272,3840,0
2011-07-26,3,2011,7,2,1,1,750,3840,4590,0
2011-07-27,3,2011,7,3,1,1,755,3901,4656,0
2011-07-28,3,2011,7,4,1,1,606,3784,4390,0
2011-07-29,3,2011,7,5,1,1,670,3176,3846,0
2011-07-30,3,2011,7,6,0,1,1559,2916,4475,0
2011-07-31,3,2011,7,0,0,1,1524,2778,4302,0
2011-08-01,3,2011,8,1,1,1,729,3537,4266,0
2011-08-02,3,2011,8,2,1,1,801,4044,4845,0
2011-08-03,3,2011,8,3,1,2,467,3107,3574,0
2011-08-04,3,2011,8,4,1,2,799,3777,4576,0
2011-08-05,3,2011,8,5,1,1,1023,3843,4866,0
2011-08-06,3,2011,8,6,0,2,1521,2773,4294,0
2011-08-07,3,2011,8,0,0,1,1298,2487,3785,0
2011-08-08,3,2011,8,1,1,1,846,3480,4326,0
2011-08-09,3,2011,8,2,1,1,907,3695,4602,0
2011-08-10,3,2011,8,3,1,1,884,3896,4780,0
2011-08-11,3,2011,8,4,1,1,812,3980,4792,0
2011-08-12,3,2011,8,5,1,1,1051,3854,4905,0
2011-08-13,3,2011,8,6,0,2,1504,2646,4150,0
2011-08-14,3,2011,8,0,0,2,1338,2482,3820,0
2011-08-15,3,2011,8,1,1,1,775,3563,4338,0
2011-08-16,3,2011,8,2,1,1,721,4004,4725,0
2011-08-17,3,2011,8,3,1,1,668,4026,4694,0
2011-08-18,3,2011,8,4,1,1,639,3166,3805,0
2011-08-19,3,2011,8,5,1,2,797,3356,4153,0
2011-08-20,3,2011,8,6,0,1,1914,3277,5191,0
2011-08-21,3,2011,8,0,0,1,1249,2624,3873,0
2011-08-22,3,2011,8,1,1,1,833,3925,4758,0
2011-08-23,3,2011,8,2,1,1,1281,4614,5895,0
2011-08-24,3,2011,8,3,1,1,949,4181,5130,0
2011-08-25,3,2011,8,4,1,2,435,3107,3542,0
2011-08-26,3,2011,8,5,1,1,768,3893,4661,0
2011-08-27,3,2011,8,6,0,2,226,889,1115,0
2011-08-28,3,2011,8,0,0,1,1415,2919,4334,0
2011-08-29,3,2011,8,1,1,1,729,3905,4634,0
2011-08-30,3,2011,8,2,1,1,775,4429,5204,0
2011-08-31,3,2011,8,3,1,1,688,4370,5058,0
2011-09-01,3,2011,9,4,1,1,783,4332,5115,0
2011-09-02,3,2011,9,5,1,2,875,3852,4727,0
2011-09-03,3,2011,9,6,0,1,1935,2549,4484,0
2011-09-04,3,2011,9,0,0,1,2521,2419,4940,0
2011-09-05,3,2011,9,1,0,2,1236,2115,3351,0
2011-09-06,3,2011,9,2,1,3,204,2506,2710,2
2011-09-07,3,2011,9,3,1,3,118,1878,1996,2
2011-09-08,3,2011,9,4,1,3,153,1689,1842,2
2011-09-09,3,2011,9,5,1,2,417,3127,3544,0
2011-09-10,3,2011,9,6,0,1,1750,3595,5345,0
2011-09-11,3,2011,9,0,0,1,1633,3413,5046,0
2011-09-12,3,2011,9,1,1,1,690,4023,4713,0
2011-09-13,3,2011,9,2,1,1,701,4062,4763,0
2011-09-14,3,2011,9,3,1,1,647,4138,4785,0
2011-09-15,3,2011,9,4,1,2,428,3231,3659,0
2011-09-16,3,2011,9,5,1,2,742,4018,4760,0
2011-09-17,3,2011,9,6,0,2,1434,3077,4511,0
2011-09-18,3,2011,9,0,0,1,1353,2921,4274,0
2011-09-19,3,2011,9,1,1,2,691,3848,4539,0
2011-09-20,3,2011,9,2,1,2,438,3203,3641,0
2011-09-21,3,2011,9,3,1,2,539,3813,4352,0
2011-09-22,3,2011,9,4,1,2,555,4240,4795,0
2011-09-23,4,2011,9,5,1,2,258,2137,2395,1
2011-09-24,4,2011,9,6,0,2,1776,3647,5423,1
2011-09-25,4,2011,9,0,0,2,1544,3466,5010,1
2011-09-26,4,2011,9,1,1,2,684,3946,4630,1
2011-09-27,4,2011,9,2,1,2,477,3643,4120,1
2011-09-28,4,2011,9,3,1,2,480,3427,3907,1
2011-09-29,4,2011,9,4,1,1,653,4186,4839,1
2011-09-30,4,2011,9,5,1,1,830,4372,5202,1
2011-10-01,4,2011,10,6,0,2,480,1949,2429,1
2011-10-02,4,2011,10,0,0,2,616,2302,2918,1
2011-10-03,4,2011,10,1,1,2,330,3240,3570,1
2011-10-04,4,2011,10,2,1,1,486,3970,4456,1
2011-10-05,4,2011,10,3,1,1,559,4267,4826,1
2011-10-06,4,2011,10,4,1,1,639,4126,4765,1
2011-10-07,4,2011,10,5,1,1,949,4036,4985,1
2011-10-08,4,2011,10,6,0,1,2235,3174,5409,1
2011-10-09,4,2011,10,0,0,1,2397,3114,5511,1
2011-10-10,4,2011,10,1,0,1,1514,3603,5117,1
2011-10-11,4,2011,10,2,1,2,667,3896,4563,1
2011-10-12,4,2011,10,3,1,3,217,2199,2416,3
2011-10-13,4,2011,10,4,1,2,290,2623,2913,1
2011-10-14,4,2011,10,5,1,2,529,3115,3644,1
2011-10-15,4,2011,10,6,0,1,1899,3318,5217,1
2011-10-16,4,2011,10,0,0,1,1748,3293,5041,1
2011-10-17,4,2011,10,1,1,1,713,3857,4570,1
2011-10-18,4,2011,10,2,1,2,637,4111,4748,1
2011-10-19,4,2011,10,3,1,3,254,2170,2424,3
2011-10-20,4,2011,10,4,1,1,471,3724,4195,1
2011-10-21,4,2011,10,5,1,1,676,3628,4304,1
2011-10-22,4,2011,10,6,0,1,1499,2809,4308,1
2011-10-23,4,2011,10,0,0,1,1619,2762,4381,1
2011-10-24,4,2011,10,1,1,1,699,3488,4187,1
2011-10-25,4,2011,10,2,1,1,695,3992,4687,1
2011-10-26,4,2011,10,3,1,2,404,3490,3894,1
2011-10-27,4,2011,10,4,1,2,240,2419,2659,1
2011-10-28,4,2011,10,5,1,2,456,3291,3747,1
2011-10-29,4,2011,10,6,0,3,57,570,627,3
2011-10-30,4,2011,10,0,0,1,885,2446,3331,1
2011-10-31,4,2011,10,1,1,1,362,3307,3669,1
2011-11-01,4,2011,11,2,1,1,410,3658,4068,1
2011-11-02,4,2011,11,3,1,1,370,3816,4186,1
2011-11-03,4,2011,11,4,1,1,318,3656,3974,1
2011-11-04,4,2011,11,5,1,2,470,3576,4046,1
2011-11-05,4,2011,11,6,0,1,1156,2770,3926,1
2011-11-06,4,2011,11,0,0,1,952,2697,3649,1
2011-11-07,4,2011,11,1,1,1,373,3662,4035,1
2011-11-08,4,2011,11,2,1,1,376,3829,4205,1
2011-11-09,4,2011,11,3,1,1,305,3804,4109,1
2011-11-10,4,2011,11,4,1,2,190,2743,2933,1
2011-11-11,4,2011,11,5,0,1,440,2928,3368,1
2011-11-12,4,2011,11,6,0,1,1275,2792,4067,1
2011-11-13,4,2011,11,0,0,1,1004,2713,3717,1
2011-11-14,4,2011,11,1,1,1,595,3891,4486,1
2011-11-15,4,2011,11,2,1,2,449,3746,4195,1
2011-11-16,4,2011,11,3,1,3,145,1672,1817,3
2011-11-17,4,2011,11,4,1,2,139,2914,3053,1
2011-11-18,4,2011,11,5,1,1,245,3147,3392,1
2011-11-19,4,2011,11,6,0,1,943,2720,3663,1
2011-11-20,4,2011,11,0,0,2,787,2733,3520,1
2011-11-21,4,2011,11,1,1,3,220,2545,2765,3
2011-11-22,4,2011,11,2,1,3,69,1538,1607,3
2011-11-23,4,2011,11,3,1,2,112,2454,2566,1
2011-11-24,4,2011,11,4,0,1,560,935,1495,1
2011-11-25,4,2011,11,5,1,1,1095,1697,2792,1
2011-11-26,4,2011,11,6,0,1,1249,1819,3068,1
2011-11-27,4,2011,11,0,0,1,810,2261,3071,1
2011-11-28,4,2011,11,1,1,1,253,3614,3867,1
2011-11-29,4,2011,11,2,1,2,96,2818,2914,1
2011-11-30,4,2011,11,3,1,1,188,3425,3613,1
2011-12-01,4,2011,12,4,1,1,182,3545,3727,1
2011-12-02,4,2011,12,5,1,1,268,3672,3940,1
2011-12-03,4,2011,12,6,0,1,706,2908,3614,1
2011-12-04,4,2011,12,0,0,1,634,2851,3485,1
2011-12-05,4,2011,12,1,1,2,233,3578,3811,1
2011-12-06,4,2011,12,2,1,3,126,2468,2594,3
2011-12-07,4,2011,12,3,1,3,50,655,705,3
2011-12-08,4,2011,12,4,1,1,150,3172,3322,1
2011-12-09,4,2011,12,5,1,1,261,3359,3620,1
2011-12-10,4,2011,12,6,0,1,502,2688,3190,1
2011-12-11,4,2011,12,0,0,1,377,2366,2743,1
2011-12-12,4,2011,12,1,1,1,143,3167,3310,1
2011-12-13,4,2011,12,2,1,1,155,3368,3523,1
2011-12-14,4,2011,12,3,1,2,178,3562,3740,1
2011-12-15,4,2011,12,4,1,2,181,3528,3709,1
2011-12-16,4,2011,12,5,1,2,178,3399,3577,1
2011-12-17,4,2011,12,6,0,2,275,2464,2739,1
2011-12-18,4,2011,12,0,0,1,220,2211,2431,1
2011-12-19,4,2011,12,1,1,1,260,3143,3403,1
2011-12-20,4,2011,12,2,1,2,216,3534,3750,1
2011-12-21,1,2011,12,3,1,2,107,2553,2660,1
2011-12-22,1,2011,12,4,1,2,227,2841,3068,1
2011-12-23,1,2011,12,5,1,1,163,2046,2209,1
2011-12-24,1,2011,12,6,0,1,155,856,1011,1
2011-12-25,1,2011,12,0,0,1,303,451,754,1
2011-12-26,1,2011,12,1,0,1,430,887,1317,1
2011-12-27,1,2011,12,2,1,2,103,1059,1162,1
2011-12-28,1,2011,12,3,1,1,255,2047,2302,1
2011-12-29,1,2011,12,4,1,1,254,2169,2423,1
2011-12-30,1,2011,12,5,1,1,491,2508,2999,1
2011-12-31,1,2011,12,6,0,1,665,1820,2485,1
2012-01-01,1,2012,1,0,0,1,686,1608,2294,1
2012-01-02,1,2012,1,1,0,1,244,1707,1951,1
2012-01-03,1,2012,1,2,1,1,89,2147,2236,1
2012-01-04,1,2012,1,3,1,2,95,2273,2368,1
2012-01-05,1,2012,1,4,1,1,140,3132,3272,1
2012-01-06,1,2012,1,5,1,1,307,3791,4098,1
2012-01-07,1,2012,1,6,0,1,1070,3451,4521,1
2012-01-08,1,2012,1,0,0,1,599,2826,3425,1
2012-01-09,1,2012,1,1,1,2,106,2270,2376,1
2012-01-10,1,2012,1,2,1,1,173,3425,3598,1
2012-01-11,1,2012,1,3,1,2,92,2085,2177,1
2012-01-12,1,2012,1,4,1,2,269,3828,4097,1
2012-01-13,1,2012,1,5,1,1,174,3040,3214,1
2012-01-14,1,2012,1,6,0,1,333,2160,2493,1
2012-01-15,1,2012,1,0,0,1,284,2027,2311,1
2012-01-16,1,2012,1,1,0,1,217,2081,2298,1
2012-01-17,1,2012,1,2,1,2,127,2808,2935,1
2012-01-18,1,2012,1,3,1,1,109,3267,3376,1
2012-01-19,1,2012,1,4,1,1,130,3162,3292,1
2012-01-20,1,2012,1,5,1,2,115,3048,3163,1
2012-01-21,1,2012,1,6,0,2,67,1234,1301,1
2012-01-22,1,2012,1,0,0,2,196,1781,1977,1
2012-01-23,1,2012,1,1,1,2,145,2287,2432,1
2012-01-24,1,2012,1,2,1,1,439,3900,4339,1
2012-01-25,1,2012,1,3,1,1,467,3803,4270,1
2012-01-26,1,2012,1,4,1,2,244,3831,4075,1
2012-01-27,1,2012,1,5,1,2,269,3187,3456,1
2012-01-28,1,2012,1,6,0,1,775,3248,4023,1
2012-01-29,1,2012,1,0,0,1,558,2685,3243,1
2012-01-30,1,2012,1,1,1,1,126,3498,3624,1
2012-01-31,1,2012,1,2,1,1,324,4185,4509,1
2012-02-01,1,2012,2,3,1,1,304,4275,4579,1
2012-02-02,1,2012,2,4,1,2,190,3571,3761,1
2012-02-03,1,2012,2,5,1,1,310,3841,4151,1
2012-02-04,1,2012,2,6,0,2,384,2448,2832,1
2012-02-05,1,2012,2,0,0,2,318,2629,2947,1
2012-02-06,1,2012,2,1,1,1,206,3578,3784,1
2012-02-07,1,2012,2,2,1,1,199,4176,4375,1
2012-02-08,1,2012,2,3,1,2,109,2693,2802,1
2012-02-09,1,2012,2,4,1,1,163,3667,3830,1
2012-02-10,1,2012,2,5,1,2,227,3604,3831,1
2012-02-11,1,2012,2,6,0,3,192,1977,2169,3
2012-02-12,1,2012,2,0,0,1,73,1456,1529,1
2012-02-13,1,2012,2,1,1,1,94,3328,3422,1
2012-02-14,1,2012,2,2,1,2,135,3787,3922,1
2012-02-15,1,2012,2,3,1,1,141,4028,4169,1
2012-02-16,1,2012,2,4,1,2,74,2931,3005,1
2012-02-17,1,2012,2,5,1,1,349,3805,4154,1
2012-02-18,1,2012,2,6,0,1,1435,2883,4318,1
2012-02-19,1,2012,2,0,0,2,618,2071,2689,1
2012-02-20,1,2012,2,1,0,1,502,2627,3129,1
2012-02-21,1,2012,2,2,1,1,163,3614,3777,1
2012-02-22,1,2012,2,3,1,1,394,4379,4773,1
2012-02-23,1,2012,2,4,1,1,516,4546,5062,1
2012-02-24,1,2012,2,5,1,2,246,3241,3487,1
2012-02-25,1,2012,2,6,0,1,317,2415,2732,1
2012-02-26,1,2012,2,0,0,1,515,2874,3389,1
2012-02-27,1,2012,2,1,1,1,253,4069,4322,1
2012-02-28,1,2012,2,2,1,1,229,4134,4363,1
2012-02-29,1,2012,2,3,1,2,65,1769,1834,1
2012-03-01,1,2012,3,4,1,1,325,4665,4990,1
2012-03-02,1,2012,3,5,1,2,246,2948,3194,1
2012-03-03,1,2012,3,6,0,2,956,3110,4066,1
2012-03-04,1,2012,3,0,0,1,710,2713,3423,1
2012-03-05,1,2012,3,1,1,1,203,3130,3333,1
2012-03-06,1,2012,3,2,1,1,221,3735,3956,1
2012-03-07,1,2012,3,3,1,1,432,4484,4916,1
2012-03-08,1,2012,3,4,1,1,486,4896,5382,1
2012-03-09,1,2012,3,5,1,2,447,4122,4569,1
2012-03-10,1,2012,3,6,0,1,968,3150,4118,1
2012-03-11,1,2012,3,0,0,1,1658,3253,4911,1
2012-03-12,1,2012,3,1,1,1,838,4460,5298,1
2012-03-13,1,2012,3,2,1,1,762,5085,5847,1
2012-03-14,1,2012,3,3,1,1,997,5315,6312,1
2012-03-15,1,2012,3,4,1,1,1005,5187,6192,1
2012-03-16,1,2012,3,5,1,2,548,3830,4378,1
2012-03-17,1,2012,3,6,0,2,3155,4681,7836,1
2012-03-18,1,2012,3,0,0,2,2207,3685,5892,1
2012-03-19,1,2012,3,1,1,1,982,5171,6153,1
2012-03-20,1,2012,3,2,1,1,1051,5042,6093,1
2012-03-21,2,2012,3,3,1,2,1122,5108,6230,0
2012-03-22,2,2012,3,4,1,1,1334,5537,6871,0
2012-03-23,2,2012,3,5,1,2,2469,5893,8362,0
2012-03-24,2,2012,3,6,0,2,1033,2339,3372,0
2012-03-25,2,2012,3,0,0,2,1532,3464,4996,0
2012-03-26,2,2012,3,1,1,1,795,4763,5558,0
2012-03-27,2,2012,3,2,1,1,531,4571,5102,0
2012-03-28,2,2012,3,3,1,1,674,5024,5698,0
2012-03-29,2,2012,3,4,1,1,834,5299,6133,0
2012-03-30,2,2012,3,5,1,2,796,4663,5459,0
2012-03-31,2,2012,3,6,0,2,2301,3934,6235,0
2012-04-01,2,2012,4,0,0,2,2347,3694,6041,0
2012-04-02,2,2012,4,1,1,1,1208,4728,5936,0
2012-04-03,2,2012,4,2,1,1,1348,5424,6772,0
2012-04-04,2,2012,4,3,1,1,1058,5378,6436,0
2012-04-05,2,2012,4,4,1,1,1192,5265,6457,0
2012-04-06,2,2012,4,5,1,1,1807,4653,6460,0
2012-04-07,2,2012,4,6,0,1,3252,3605,6857,0
2012-04-08,2,2012,4,0,0,1,2230,2939,5169,0
2012-04-09,2,2012,4,1,1,1,905,4680,5585,0
2012-04-10,2,2012,4,2,1,1,819,5099,5918,0
2012-04-11,2,2012,4,3,1,1,482,4380,4862,0
2012-04-12,2,2012,4,4,1,1,663,4746,5409,0
2012-04-13,2,2012,4,5,1,1,1252,5146,6398,0
2012-04-14,2,2012,4,6,0,1,2795,4665,7460,0
2012-04-15,2,2012,4,0,0,1,2846,4286,7132,0
2012-04-16,2,2012,4,1,0,1,1198,5172,6370,0
2012-04-17,2,2012,4,2,1,1,989,5702,6691,0
2012-04-18,2,2012,4,3,1,2,347,4020,4367,0
2012-04-19,2,2012,4,4,1,1,846,5719,6565,0
2012-04-20,2,2012,4,5,1,1,1340,5950,7290,0
2012-04-21,2,2012,4,6,0,1,2541,4083,6624,0
2012-04-22,2,2012,4,0,0,3,120,907,1027,2
2012-04-23,2,2012,4,1,1,2,195,3019,3214,0
2012-04-24,2,2012,4,2,1,1,518,5115,5633,0
2012-04-25,2,2012,4,3,1,1,655,5541,6196,0
2012-04-26,2,2012,4,4,1,2,475,4551,5026,0
2012-04-27,2,2012,4,5,1,1,1014,5219,6233,0
2012-04-28,2,2012,4,6,0,2,1120,3100,4220,0
2012-04-29,2,2012,4,0,0,1,2229,4075,6304,0
2012-04-30,2,2012,4,1,1,2,665,4907,5572,0
2012-05-01,2,2012,5,2,1,2,653,5087,5740,0
2012-05-02,2,2012,5,3,1,1,667,5502,6169,0
2012-05-03,2,2012,5,4,1,2,764,5657,6421,0
2012-05-04,2,2012,5,5,1,1,1069,5227,6296,0
2012-05-05,2,2012,5,6,0,2,2496,4387,6883,0
2012-05-06,2,2012,5,0,0,2,2135,4224,6359,0
2012-05-07,2,2012,5,1,1,2,1008,5265,6273,0
2012-05-08,2,2012,5,2,1,2,738,4990,5728,0
2012-05-09,2,2012,5,3,1,2,620,4097,4717,0
2012-05-10,2,2012,5,4,1,1,1026,5546,6572,0
2012-05-11,2,2012,5,5,1,1,1319,5711,7030,0
2012-05-12,2,2012,5,6,0,1,2622,4807,7429,0
2012-05-13,2,2012,5,0,0,1,2172,3946,6118,0
2012-05-14,2,2012,5,1,1,2,342,2501,2843,0
2012-05-15,2,2012,5,2,1,2,625,4490,5115,0
2012-05-16,2,2012,5,3,1,1,991,6433,7424,0
2012-05-17,2,2012,5,4,1,1,1242,6142,7384,0
2012-05-18,2,2012,5,5,1,1,1521,6118,7639,0
2012-05-19,2,2012,5,6,0,1,3410,4884,8294,0
2012-05-20,2,2012,5,0,0,1,2704,4425,7129,0
2012-05-21,2,2012,5,1,1,2,630,3729,4359,0
2012-05-22,2,2012,5,2,1,2,819,5254,6073,0
2012-05-23,2,2012,5,3,1,2,766,4494,5260,0
2012-05-24,2,2012,5,4,1,1,1059,5711,6770,0
2012-05-25,2,2012,5,5,1,1,1417,5317,6734,0
2012-05-26,2,2012,5,6,0,1,2855,3681,6536,0
2012-05-27,2,2012,5,0,0,1,3283,3308,6591,0
2012-05-28,2,2012,5,1,0,1,2557,3486,6043,0
2012-05-29,2,2012,5,2,1,1,880,4863,5743,0
2012-05-30,2,2012,5,3,1,2,745,6110,6855,0
2012-05-31,2,2012,5,4,1,1,1100,6238,7338,0
2012-06-01,2,2012,6,5,1,2,533,3594,4127,0
2012-06-02,2,2012,6,6,0,1,2795,5325,8120,0
2012-06-03,2,2012,6,0,0,1,2494,5147,7641,0
2012-06-04,2,2012,6,1,1,1,1071,5927,6998,0
2012-06-05,2,2012,6,2,1,2,968,6033,7001,0
2012-06-06,2,2012,6,3,1,1,1027,6028,7055,0
2012-06-07,2,2012,6,4,1,1,1038,6456,7494,0
2012-06-08,2,2012,6,5,1,1,1488,6248,7736,0
2012-06-09,2,2012,6,6,0,1,2708,4790,7498,0
2012-06-10,2,2012,6,0,0,1,2224,4374,6598,0
2012-06-11,2,2012,6,1,1,2,1017,5647,6664,0
2012-06-12,2,2012,6,2,1,2,477,4495,4972,0
2012-06-13,2,2012,6,3,1,1,1173,6248,7421,0
2012-06-14,2,2012,6,4,1,1,1180,6183,7363,0
2012-06-15,2,2012,6,5,1,1,1563,6102,7665,0
2012-06-16,2,2012,6,6,0,1,2963,4739,7702,0
2012-06-17,2,2012,6,0,0,1,2634,4344,6978,0
2012-06-18,2,2012,6,1,1,2,653,4446,5099,0
2012-06-19,2,2012,6,2,1,1,968,5857,6825,0
2012-06-20,2,2012,6,3,1,1,872,5339,6211,0
2012-06-21,3,2012,6,4,1,1,778,5127,5905,0
2012-06-22,3,2012,6,5,1,1,964,4859,5823,0
2012-06-23,3,2012,6,6,0,1,2657,4801,7458,0
2012-06-24,3,2012,6,0,0,1,2551,4340,6891,0
2012-06-25,3,2012,6,1,1,1,1139,5640,6779,0
2012-06-26,3,2012,6,2,1,1,1077,6365,7442,0
2012-06-27,3,2012,6,3,1,1,1077,6258,7335,0
2012-06-28,3,2012,6,4,1,1,921,5958,6879,0
2012-06-29,3,2012,6,5,1,1,829,4634,5463,0
2012-06-30,3,2012,6,6,0,1,1455,4232,5687,0
2012-07-01,3,2012,7,0,0,1,1421,4110,5531,0
2012-07-02,3,2012,7,1,1,1,904,5323,6227,0
2012-07-03,3,2012,7,2,1,1,1052,5608,6660,0
2012-07-04,3,2012,7,3,0,1,2562,4841,7403,0
2012-07-05,3,2012,7,4,1,1,1405,4836,6241,0
2012-07-06,3,2012,7,5,1,1,1366,4841,6207,0
2012-07-07,3,2012,7,6,0,1,1448,3392,4840,0
2012-07-08,3,2012,7,0,0,1,1203,3469,4672,0
2012-07-09,3,2012,7,1,1,2,998,5571,6569,0
2012-07-10,3,2012,7,2,1,2,954,5336,6290,0
2012-07-11,3,2012,7,3,1,1,975,6289,7264,0
2012-07-12,3,2012,7,4,1,1,1032,6414,7446,0
2012-07-13,3,2012,7,5,1,2,1511,5988,7499,0
2012-07-14,3,2012,7,6,0,2,2355,4614,6969,0
2012-07-15,3,2012,7,0,0,1,1920,4111,6031,0
2012-07-16,3,2012,7,1,1,1,1088,5742,6830,0
2012-07-17,3,2012,7,2,1,1,921,5865,6786,0
2012-07-18,3,2012,7,3,1,1,799,4914,5713,0
2012-07-19,3,2012,7,4,1,1,888,5703,6591,0
2012-07-20,3,2012,7,5,1,2,747,5123,5870,0
2012-07-21,3,2012,7,6,0,3,1264,3195,4459,2
2012-07-22,3,2012,7,0,0,2,2544,4866,7410,0
2012-07-23,3,2012,7,1,1,1,1135,5831,6966,0
2012-07-24,3,2012,7,2,1,1,1140,6452,7592,0
2012-07-25,3,2012,7,3,1,1,1383,6790,8173,0
2012-07-26,3,2012,7,4,1,1,1036,5825,6861,0
2012-07-27,3,2012,7,5,1,1,1259,5645,6904,0
2012-07-28,3,2012,7,6,0,1,2234,4451,6685,0
2012-07-29,3,2012,7,0,0,1,2153,4444,6597,0
2012-07-30,3,2012,7,1,1,1,1040,6065,7105,0
2012-07-31,3,2012,7,2,1,1,968,6248,7216,0
2012-08-01,3,2012,8,3,1,1,1074,6506,7580,0
2012-08-02,3,2012,8,4,1,1,983,6278,7261,0
2012-08-03,3,2012,8,5,1,2,1328,5847,7175,0
2012-08-04,3,2012,8,6,0,1,2345,4479,6824,0
2012-08-05,3,2012,8,0,0,1,1707,3757,5464,0
2012-08-06,3,2012,8,1,1,2,1233,5780,7013,0
2012-08-07,3,2012,8,2,1,2,1278,5995,7273,0
2012-08-08,3,2012,8,3,1,2,1263,6271,7534,0
2012-08-09,3,2012,8,4,1,1,1196,6090,7286,0
2012-08-10,3,2012,8,5,1,2,1065,4721,5786,0
2012-08-11,3,2012,8,6,0,2,2247,4052,6299,0
2012-08-12,3,2012,8,0,0,1,2182,4362,6544,0
2012-08-13,3,2012,8,1,1,1,1207,5676,6883,0
2012-08-14,3,2012,8,2,1,1,1128,5656,6784,0
2012-08-15,3,2012,8,3,1,1,1198,6149,7347,0
2012-08-16,3,2012,8,4,1,1,1338,6267,7605,0
2012-08-17,3,2012,8,5,1,1,1483,5665,7148,0
2012-08-18,3,2012,8,6,0,1,2827,5038,7865,0
2012-08-19,3,2012,8,0,0,2,1208,3341,4549,0
2012-08-20,3,2012,8,1,1,2,1026,5504,6530,0
2012-08-21,3,2012,8,2,1,1,1081,5925,7006,0
2012-08-22,3,2012,8,3,1,1,1094,6281,7375,0
2012-08-23,3,2012,8,4,1,1,1363,6402,7765,0
2012-08-24,3,2012,8,5,1,2,1325,6257,7582,0
2012-08-25,3,2012,8,6,0,2,1829,4224,6053,0
2012-08-26,3,2012,8,0,0,2,1483,3772,5255,0
2012-08-27,3,2012,8,1,1,1,989,5928,6917,0
2012-08-28,3,2012,8,2,1,1,935,6105,7040,0
2012-08-29,3,2012,8,3,1,1,1177,6520,7697,0
2012-08-30,3,2012,8,4,1,1,1172,6541,7713,0
2012-08-31,3,2012,8,5,1,1,1433,5917,7350,0
2012-09-01,3,2012,9,6,0,2,2352,3788,6140,0
2012-09-02,3,2012,9,0,0,2,2613,3197,5810,0
2012-09-03,3,2012,9,1,0,1,1965,4069,6034,0
2012-09-04,3,2012,9,2,1,1,867,5997,6864,0
2012-09-05,3,2012,9,3,1,1,832,6280,7112,0
2012-09-06,3,2012,9,4,1,2,611,5592,6203,0
2012-09-07,3,2012,9,5,1,1,1045,6459,7504,0
2012-09-08,3,2012,9,6,0,2,1557,4419,5976,0
2012-09-09,3,2012,9,0,0,1,2570,5657,8227,0
2012-09-10,3,2012,9,1,1,1,1118,6407,7525,0
2012-09-11,3,2012,9,2,1,1,1070,6697,7767,0
2012-09-12,3,2012,9,3,1,1,1050,6820,7870,0
2012-09-13,3,2012,9,4,1,1,1054,6750,7804,0
2012-09-14,3,2012,9,5,1,1,1379,6630,8009,0
2012-09-15,3,2012,9,6,0,1,3160,5554,8714,0
2012-09-16,3,2012,9,0,0,1,2166,5167,7333,0
2012-09-17,3,2012,9,1,1,2,1022,5847,6869,0
2012-09-18,3,2012,9,2,1,2,371,3702,4073,0
2012-09-19,3,2012,9,3,1,1,788,6803,7591,0
2012-09-20,3,2012,9,4,1,1,939,6781,7720,0
2012-09-21,3,2012,9,5,1,1,1250,6917,8167,0
2012-09-22,3,2012,9,6,0,1,2512,5883,8395,0
2012-09-23,4,2012,9,0,0,1,2454,5453,7907,1
2012-09-24,4,2012,9,1,1,1,1001,6435,7436,1
2012-09-25,4,2012,9,2,1,1,845,6693,7538,1
2012-09-26,4,2012,9,3,1,1,787,6946,7733,1
2012-09-27,4,2012,9,4,1,2,751,6642,7393,1
2012-09-28,4,2012,9,5,1,2,1045,6370,7415,1
2012-09-29,4,2012,9,6,0,1,2589,5966,8555,1
2012-09-30,4,2012,9,0,0,1,2015,4874,6889,1
2012-10-01,4,2012,10,1,1,2,763,6015,6778,1
2012-10-02,4,2012,10,2,1,3,315,4324,4639,3
2012-10-03,4,2012,10,3,1,2,728,6844,7572,1
2012-10-04,4,2012,10,4,1,2,891,6437,7328,1
2012-10-05,4,2012,10,5,1,1,1516,6640,8156,1
2012-10-06,4,2012,10,6,0,1,3031,4934,7965,1
2012-10-07,4,2012,10,0,0,2,781,2729,3510,1
2012-10-08,4,2012,10,1,0,2,874,4604,5478,1
2012-10-09,4,2012,10,2,1,2,601,5791,6392,1
2012-10-10,4,2012,10,3,1,1,780,6911,7691,1
2012-10-11,4,2012,10,4,1,1,834,6736,7570,1
2012-10-12,4,2012,10,5,1,1,1060,6222,7282,1
2012-10-13,4,2012,10,6,0,1,2252,4857,7109,1
2012-10-14,4,2012,10,0,0,1,2080,4559,6639,1
2012-10-15,4,2012,10,1,1,2,760,5115,5875,1
2012-10-16,4,2012,10,2,1,1,922,6612,7534,1
2012-10-17,4,2012,10,3,1,1,979,6482,7461,1
2012-10-18,4,2012,10,4,1,2,1008,6501,7509,1
2012-10-19,4,2012,10,5,1,2,753,4671,5424,1
2012-10-20,4,2012,10,6,0,1,2806,5284,8090,1
2012-10-21,4,2012,10,0,0,1,2132,4692,6824,1
2012-10-22,4,2012,10,1,1,1,830,6228,7058,1
2012-10-23,4,2012,10,2,1,1,841,6625,7466,1
2012-10-24,4,2012,10,3,1,1,795,6898,7693,1
2012-10-25,4,2012,10,4,1,2,875,6484,7359,1
2012-10-26,4,2012,10,5,1,2,1182,6262,7444,1
2012-10-27,4,2012,10,6,0,2,2643,5209,7852,1
2012-10-28,4,2012,10,0,0,2,998,3461,4459,1
2012-10-29,4,2012,10,1,1,3,2,20,22,3
2012-10-30,4,2012,10,2,1,2,87,1009,1096,1
2012-10-31,4,2012,10,3,1,2,419,5147,5566,1
2012-11-01,4,2012,11,4,1,2,466,5520,5986,1
2012-11-02,4,2012,11,5,1,1,618,5229,5847,1
2012-11-03,4,2012,11,6,0,2,1029,4109,5138,1
2012-11-04,4,2012,11,0,0,1,1201,3906,5107,1
2012-11-05,4,2012,11,1,1,1,378,4881,5259,1
2012-11-06,4,2012,11,2,1,1,466,5220,5686,1
2012-11-07,4,2012,11,3,1,2,326,4709,5035,1
2012-11-08,4,2012,11,4,1,1,340,4975,5315,1
2012-11-09,4,2012,11,5,1,1,709,5283,5992,1
2012-11-10,4,2012,11,6,0,1,2090,4446,6536,1
2012-11-11,4,2012,11,0,0,1,2290,4562,6852,1
2012-11-12,4,2012,11,1,0,1,1097,5172,6269,1
2012-11-13,4,2012,11,2,1,2,327,3767,4094,1
2012-11-14,4,2012,11,3,1,1,373,5122,5495,1
2012-11-15,4,2012,11,4,1,2,320,5125,5445,1
2012-11-16,4,2012,11,5,1,1,484,5214,5698,1
2012-11-17,4,2012,11,6,0,1,1313,4316,5629,1
2012-11-18,4,2012,11,0,0,1,922,3747,4669,1
2012-11-19,4,2012,11,1,1,2,449,5050,5499,1
2012-11-20,4,2012,11,2,1,2,534,5100,5634,1
2012-11-21,4,2012,11,3,1,1,615,4531,5146,1
2012-11-22,4,2012,11,4,0,1,955,1470,2425,1
2012-11-23,4,2012,11,5,1,1,1603,2307,3910,1
2012-11-24,4,2012,11,6,0,1,532,1745,2277,1
2012-11-25,4,2012,11,0,0,1,309,2115,2424,1
2012-11-26,4,2012,11,1,1,1,337,4750,5087,1
2012-11-27,4,2012,11,2,1,2,123,3836,3959,1
2012-11-28,4,2012,11,3,1,1,198,5062,5260,1
2012-11-29,4,2012,11,4,1,1,243,5080,5323,1
2012-11-30,4,2012,11,5,1,1,362,5306,5668,1
2012-12-01,4,2012,12,6,0,2,951,4240,5191,1
2012-12-02,4,2012,12,0,0,2,892,3757,4649,1
2012-12-03,4,2012,12,1,1,1,555,5679,6234,1
2012-12-04,4,2012,12,2,1,1,551,6055,6606,1
2012-12-05,4,2012,12,3,1,1,331,5398,5729,1
2012-12-06,4,2012,12,4,1,1,340,5035,5375,1
2012-12-07,4,2012,12,5,1,2,349,4659,5008,1
2012-12-08,4,2012,12,6,0,2,1153,4429,5582,1
2012-12-09,4,2012,12,0,0,2,441,2787,3228,1
2012-12-10,4,2012,12,1,1,2,329,4841,5170,1
2012-12-11,4,2012,12,2,1,2,282,5219,5501,1
2012-12-12,4,2012,12,3,1,2,310,5009,5319,1
2012-12-13,4,2012,12,4,1,1,425,5107,5532,1
2012-12-14,4,2012,12,5,1,1,429,5182,5611,1
2012-12-15,4,2012,12,6,0,1,767,4280,5047,1
2012-12-16,4,2012,12,0,0,2,538,3248,3786,1
2012-12-17,4,2012,12,1,1,2,212,4373,4585,1
2012-12-18,4,2012,12,2,1,1,433,5124,5557,1
2012-12-19,4,2012,12,3,1,1,333,4934,5267,1
2012-12-20,4,2012,12,4,1,2,314,3814,4128,1
2012-12-21,1,2012,12,5,1,2,221,3402,3623,1
2012-12-22,1,2012,12,6,0,1,205,1544,1749,1
2012-12-23,1,2012,12,0,0,1,408,1379,1787,1
2012-12-24,1,2012,12,1,1,2,174,746,920,1
2012-12-25,1,2012,12,2,0,2,440,573,1013,1
2012-12-26,1,2012,12,3,1,3,9,432,441,3
2012-12-27,1,2012,12,4,1,2,247,1867,2114,1
2012-12-28,1,2012,12,5,1,2,644,2451,3095,1
2012-12-29,1,2012,12,6,0,2,159,1182,1341,1
2012-12-30,1,2012,12,0,0,1,364,1432,1796,1
2012-12-31,1,2012,12,1,1,2,439,2290,2729,1
